{
  "execPath": "C:/Users/strom/.platformio/packages/toolchain-gccarmnoneeabi/bin/arm-none-eabi-g++.exe",
  "gccDefaultCFlags": "-fsyntax-only -std=gnu11 -g3 -fmax-errors=5 -Os -mcpu=cortex-m0plus -mthumb -ffunction-sections -fdata-sections -nostdlib --param max-inline-insns-single=500 -DPLATFORMIO=60103 -DSTM32G0xx -DSTM32G0B1xx -D__MARLIN_FIRMWARE__ -DNDEBUG -DHAL_STM32 -DUSBCON -DUSBD_USE_CDC -DTIM_IRQ_PRIO=13 -DADC_RESOLUTION=12 -DPIN_SERIAL4_RX=PC_11 -DPIN_SERIAL4_TX=PC_10 -DSERIAL_RX_BUFFER_SIZE=1024 -DSERIAL_TX_BUFFER_SIZE=1024 -DTIMER_SERVO=TIM3 -DTIMER_TONE=TIM4 -DSTEP_TIMER_IRQ_PRIO=0 -DSTM32G0xx -DARDUINO=10808 -DARDUINO_ARCH_STM32 -DARDUINO_MARLIN_STM32G0B1RE -DBOARD_NAME=\"MARLIN_STM32G0B1RE\" -DHAL_UART_MODULE_ENABLED -DUSE_FULL_LL_DRIVER -DVARIANT_H=\"variant_MARLIN_STM32G0B1RE.h\" -D__CORTEX_SC=0 -DHAL_PCD_MODULE_ENABLED",
  "gccDefaultCppFlags": "-fsyntax-only -std=gnu++14 -std=gnu++14 -fno-threadsafe-statics -fno-rtti -fno-exceptions -fno-use-cxa-atexit -g3 -fmax-errors=5 -Os -mcpu=cortex-m0plus -mthumb -ffunction-sections -fdata-sections -nostdlib --param max-inline-insns-single=500 -DPLATFORMIO=60103 -DSTM32G0xx -DSTM32G0B1xx -D__MARLIN_FIRMWARE__ -DNDEBUG -DHAL_STM32 -DUSBCON -DUSBD_USE_CDC -DTIM_IRQ_PRIO=13 -DADC_RESOLUTION=12 -DPIN_SERIAL4_RX=PC_11 -DPIN_SERIAL4_TX=PC_10 -DSERIAL_RX_BUFFER_SIZE=1024 -DSERIAL_TX_BUFFER_SIZE=1024 -DTIMER_SERVO=TIM3 -DTIMER_TONE=TIM4 -DSTEP_TIMER_IRQ_PRIO=0 -DSTM32G0xx -DARDUINO=10808 -DARDUINO_ARCH_STM32 -DARDUINO_MARLIN_STM32G0B1RE -DBOARD_NAME=\"MARLIN_STM32G0B1RE\" -DHAL_UART_MODULE_ENABLED -DUSE_FULL_LL_DRIVER -DVARIANT_H=\"variant_MARLIN_STM32G0B1RE.h\" -D__CORTEX_SC=0 -DHAL_PCD_MODULE_ENABLED",
  "gccErrorLimit": 15,
  "gccIncludePaths": "C:/Users/strom/3D Objects/FIRMWARE/Marlin-2.0.9 X-scara/Marlin-2.0.9 X-scara/Marlin,C:/Users/strom/3D Objects/FIRMWARE/Marlin-2.0.9 X-scara/Marlin-2.0.9 X-scara/.pio/libdeps/STM32G0B1RE_btt/TMCStepper/src,C:/Users/strom/.platformio/packages/framework-arduinoststm32@src-06b9d2668dcd05a92820ac50e10b17c7/libraries/Wire/src,C:/Users/strom/.platformio/packages/framework-arduinoststm32@src-06b9d2668dcd05a92820ac50e10b17c7/libraries/Servo/src,C:/Users/strom/.platformio/packages/framework-arduinoststm32@src-06b9d2668dcd05a92820ac50e10b17c7/libraries/IWatchdog/src,C:/Users/strom/.platformio/packages/framework-arduinoststm32@src-06b9d2668dcd05a92820ac50e10b17c7/libraries/SoftwareSerial/src,C:/Users/strom/.platformio/packages/framework-arduinoststm32@src-06b9d2668dcd05a92820ac50e10b17c7/libraries/EEPROM/src,C:/Users/strom/.platformio/packages/framework-arduinoststm32@src-06b9d2668dcd05a92820ac50e10b17c7/libraries/SPI/src,C:/Users/strom/.platformio/packages/framework-arduinoststm32@src-06b9d2668dcd05a92820ac50e10b17c7/cores/arduino/avr,C:/Users/strom/.platformio/packages/framework-arduinoststm32@src-06b9d2668dcd05a92820ac50e10b17c7/cores/arduino/stm32,C:/Users/strom/.platformio/packages/framework-arduinoststm32@src-06b9d2668dcd05a92820ac50e10b17c7/cores/arduino/stm32/LL,C:/Users/strom/.platformio/packages/framework-arduinoststm32@src-06b9d2668dcd05a92820ac50e10b17c7/cores/arduino/stm32/usb,C:/Users/strom/.platformio/packages/framework-arduinoststm32@src-06b9d2668dcd05a92820ac50e10b17c7/cores/arduino/stm32/OpenAMP,C:/Users/strom/.platformio/packages/framework-arduinoststm32@src-06b9d2668dcd05a92820ac50e10b17c7/cores/arduino/stm32/usb/hid,C:/Users/strom/.platformio/packages/framework-arduinoststm32@src-06b9d2668dcd05a92820ac50e10b17c7/cores/arduino/stm32/usb/cdc,C:/Users/strom/.platformio/packages/framework-arduinoststm32@src-06b9d2668dcd05a92820ac50e10b17c7/system/Drivers/STM32G0xx_HAL_Driver/Inc,C:/Users/strom/.platformio/packages/framework-arduinoststm32@src-06b9d2668dcd05a92820ac50e10b17c7/system/Drivers/STM32G0xx_HAL_Driver/Src,C:/Users/strom/.platformio/packages/framework-arduinoststm32@src-06b9d2668dcd05a92820ac50e10b17c7/system/STM32G0xx,C:/Users/strom/.platformio/packages/framework-arduinoststm32@src-06b9d2668dcd05a92820ac50e10b17c7/system/Middlewares/ST/STM32_USB_Device_Library/Core/Inc,C:/Users/strom/.platformio/packages/framework-arduinoststm32@src-06b9d2668dcd05a92820ac50e10b17c7/system/Middlewares/ST/STM32_USB_Device_Library/Core/Src,C:/Users/strom/.platformio/packages/framework-arduinoststm32@src-06b9d2668dcd05a92820ac50e10b17c7/system/Middlewares/OpenAMP,C:/Users/strom/.platformio/packages/framework-arduinoststm32@src-06b9d2668dcd05a92820ac50e10b17c7/system/Middlewares/OpenAMP/open-amp/lib/include,C:/Users/strom/.platformio/packages/framework-arduinoststm32@src-06b9d2668dcd05a92820ac50e10b17c7/system/Middlewares/OpenAMP/libmetal/lib/include,C:/Users/strom/.platformio/packages/framework-arduinoststm32@src-06b9d2668dcd05a92820ac50e10b17c7/system/Middlewares/OpenAMP/virtual_driver,C:/Users/strom/.platformio/packages/framework-cmsis/CMSIS/Core/Include,C:/Users/strom/.platformio/packages/framework-arduinoststm32@src-06b9d2668dcd05a92820ac50e10b17c7/system/Drivers/CMSIS/Device/ST/STM32G0xx/Include,C:/Users/strom/.platformio/packages/framework-arduinoststm32@src-06b9d2668dcd05a92820ac50e10b17c7/system/Drivers/CMSIS/Device/ST/STM32G0xx/Source/Templates/gcc,C:/Users/strom/.platformio/packages/framework-cmsis/CMSIS/DSP/Include,C:/Users/strom/.platformio/packages/framework-cmsis/CMSIS/DSP/PrivateInclude,C:/Users/strom/.platformio/packages/framework-arduinoststm32@src-06b9d2668dcd05a92820ac50e10b17c7/cores/arduino,C:/Users/strom/.platformio/packages/framework-arduinoststm32@src-06b9d2668dcd05a92820ac50e10b17c7/variants/STM32G0xx/MARLIN_G0B1RE,C:/Users/strom/3D Objects/FIRMWARE/Marlin-2.0.9 X-scara/Marlin-2.0.9 X-scara/.pio/libdeps/STM32G0B1RE_btt/SlowSoftI2CMaster,C:/Users/strom/3D Objects/FIRMWARE/Marlin-2.0.9 X-scara/Marlin-2.0.9 X-scara/.pio/libdeps/STM32G0B1RE_btt/SlowSoftWire,C:/Users/strom/.platformio/packages/framework-arduinoststm32@src-06b9d2668dcd05a92820ac50e10b17c7/libraries/CMSIS_DSP/src,C:/Users/strom/.platformio/packages/framework-arduinoststm32@src-06b9d2668dcd05a92820ac50e10b17c7/libraries/Keyboard/src,C:/Users/strom/.platformio/packages/framework-arduinoststm32@src-06b9d2668dcd05a92820ac50e10b17c7/libraries/Mouse/src,C:/Users/strom/.platformio/packages/framework-arduinoststm32@src-06b9d2668dcd05a92820ac50e10b17c7/libraries/RGB_LED_TLC59731/src,C:/Users/strom/.platformio/packages/framework-arduinoststm32@src-06b9d2668dcd05a92820ac50e10b17c7/libraries/SrcWrapper/src,C:/Users/strom/.platformio/packages/toolchain-gccarmnoneeabi/arm-none-eabi/include/c++/9.2.1,C:/Users/strom/.platformio/packages/toolchain-gccarmnoneeabi/arm-none-eabi/include/c++/9.2.1/arm-none-eabi,C:/Users/strom/.platformio/packages/toolchain-gccarmnoneeabi/lib/gcc/arm-none-eabi/9.2.1/include,C:/Users/strom/.platformio/packages/toolchain-gccarmnoneeabi/lib/gcc/arm-none-eabi/9.2.1/include-fixed,C:/Users/strom/.platformio/packages/toolchain-gccarmnoneeabi/arm-none-eabi/include",
  "gccSuppressWarnings": false
}
